video_id,title,published_at,description,views,likes,comments
LhpZJwUboeI,Samay Raina - STILL ALIVE (Full Special),2026-04-07T13:45:06Z,"Samay Raina is back after a year. Watch Samay Raina's debut standup comedy special - Still Alive

For Business: Contact@samayraina.co

Credits:
Written & Performed by Samay Raina
Directed & Edited by ",54390951,3842360,203178
UwbGN0rsBNA,Let’s talk now…,2026-04-05T12:37:57Z,,2368656,0,1731
sZAzbGXunk4,😭😭😭🤣,2025-12-07T13:16:40Z,,3823950,0,3065
-4iu73TbEOM,I love you Delhi ❤️‍🔥,2025-11-13T15:40:43Z,,1412351,0,1302
kMfZfOhnRbI,Now who did this 😂😂😂,2025-11-10T10:14:39Z,,2523813,0,1504
zlJ5jSDVV7A,I’ll play the blues for you,2025-08-02T12:42:02Z,#albertking #blues,1339159,0,1788
Ak5mIpveUbs,Aamir Khan beat me (in chess),2025-07-01T13:11:38Z,,5584872,0,924
EQD_SKrPN0E,London | 3 Shows | Grateful ❤️‍🔥,2025-06-29T01:47:11Z,,817164,0,459
2wEzKd1u0Cw,Samay Raina | Paris ❤️‍🔥,2025-06-21T03:00:05Z,,692363,0,413
ntiIv84pMmg,"Berlin, Germany ❤️‍🔥",2025-06-07T21:06:34Z,,839194,0,1132
c_LUsDXA2CU,Samay Raina | World Tour Announcement,2025-05-13T06:55:53Z,"Ticket link: https://linktr.ee/samayrainaa

Europe and UK

05th June - Koln
06th June - Frankfurt
07th June - Berlin
08th June - Barcelona
11th June - Hamburg
13th June - Dublin 
14th June - Zurich
15",4734204,495558,31912
NMSz5lACGZc,Core memory ❤️😭🤣,2025-02-01T09:22:47Z,,23492135,0,3532
OeeNTAA3Wug,Save chicken,2024-12-03T14:44:45Z,,5653780,0,2168
YggJwXAeRfo,Zomato Roast,2024-07-09T08:38:32Z,@zomato has always been the coolest brand I've worked with. Thank you for inviting me to roast you in person (chat support mai kar kar k thak gaya tha),10989902,677897,1734
TykmZm0TV8Q,Trash Talk with Samay ft. Anurag Kashyap and Gulshan Devaiah,2024-06-28T13:41:38Z,"Watch #HotstarSpecials #BadCop Now Streaming on Disney+ Hotstar

New Episode Out Every Thursday!

@hotstarOfficial  

#collab 

Join my Subreddit: https://www.reddit.com/r/SamayRaina/

MERCH: https://",3731626,90831,6467
_ZMRDfkOX4k,3 GAMES AWAY FROM 1800 LETS GOOOOOOOO,2024-06-27T12:38:15Z,"Upgrade to Diamond here: https://go.chess.com/samay

Join my Subreddit: https://www.reddit.com/r/SamayRaina/

MERCH: https://www.redwolf.in/samay-raina

JOIN MY CLUB: https://www.chess.com/club/samay-",423585,15298,327
1CZU7OzxS68,Vibing to my favourite Kr$na song,2024-05-16T19:31:29Z,"Upgrade to Diamond here: https://go.chess.com/samay

Join my Subreddit: https://www.reddit.com/r/SamayRaina/

MERCH: https://www.redwolf.in/samay-raina

JOIN MY CLUB: https://www.chess.com/club/samay-",321852,13586,909
GN4lILQuQsU,"Yuzi, Sagar and Vidit bhais on board ❤️",2024-04-29T19:20:07Z,"Upgrade to Diamond here: https://go.chess.com/samay

Join my Subreddit: https://www.reddit.com/r/SamayRaina/

MERCH: https://www.redwolf.in/samay-raina

JOIN MY CLUB: https://www.chess.com/club/samay-",736888,29012,578
-psr9E7hbjA,Amazon call center ft. Printer,2024-04-26T12:06:04Z,"Upgrade to Diamond here: https://go.chess.com/samay

Join my Subreddit: https://www.reddit.com/r/SamayRaina/

MERCH: https://www.redwolf.in/samay-raina

JOIN MY CLUB: https://www.chess.com/club/samay-",716651,36413,2314
hvQRL78pzNs,Playing chess like GUKESH,2024-04-21T17:17:52Z,"Upgrade to Diamond here: https://go.chess.com/samay

Join my Subreddit: https://www.reddit.com/r/SamayRaina/

MERCH: https://www.redwolf.in/samay-raina

JOIN MY CLUB: https://www.chess.com/club/samay-",316120,11910,338
E8T3nsCBH7U,Mythpat vs BeastBoyShub Chess Match,2024-04-21T15:37:31Z,"Upgrade to Diamond here: https://go.chess.com/samay

Join my Subreddit: https://www.reddit.com/r/SamayRaina/

MERCH: https://www.redwolf.in/samay-raina

JOIN MY CLUB: https://www.chess.com/club/samay-",1471584,67425,1776
9zFB4dvKMLA,Will play my best chess tonight then lets raid some new streamers,2024-04-20T16:56:43Z,"Upgrade to Diamond here: https://go.chess.com/samay

Intro Song: https://www.youtube.com/watch?v=KECSM3tyi2s&ab_channel=KIDSHOT

Join my Subreddit: https://www.reddit.com/r/SamayRaina/

MERCH: https:/",228607,8706,278
gyMEqjsVe_w,Poonam Pandey vs Yashraj Mukhate Chess match,2024-04-20T14:46:21Z,"Upgrade to Diamond here: https://go.chess.com/samay

Join my Subreddit: https://www.reddit.com/r/SamayRaina/

MERCH: https://www.redwolf.in/samay-raina

JOIN MY CLUB: https://www.chess.com/club/samay-",939906,33454,1680
a9JsnWfWfag,JALPARI CHESS ft. @vivekmagic,2024-04-16T12:31:28Z,"BECOME DIAMOND MEMBER HERE: https://go.chess.com/samay

Join my Subreddit: https://www.reddit.com/r/SamayRaina/

MERCH: https://www.redwolf.in/samay-raina

JOIN MY CLUB: https://www.chess.com/club/sam",283847,15530,456
nV0s53Ox8x0,Crushing Biswa in the presence of Sagar Shah,2024-04-14T14:31:58Z,"Join my Subreddit: https://www.reddit.com/r/SamayRaina/

MERCH: https://www.redwolf.in/samay-raina

BECOME DIAMOND MEMBER HERE: https://go.chess.com/samay

JOIN MY CLUB: https://www.chess.com/club/sam",245537,12050,393
yjg5RdFiQ2w,Chilling with chat let's make mods,2024-04-10T16:57:12Z,"BECOME DIAMOND MEMBER HERE: https://go.chess.com/samay

Join my Subreddit: https://www.reddit.com/r/SamayRaina/

MERCH: https://www.redwolf.in/samay-raina

JOIN MY CLUB: https://www.chess.com/club/sam",253674,11149,363
Fj3M9hRGfpo,Gamerfleet vs Total Gaming Chess Match,2024-04-09T15:32:08Z,"BECOME DIAMOND MEMBER HERE: https://go.chess.com/samay

Join my Subreddit: https://www.reddit.com/r/SamayRaina/

MERCH: https://www.redwolf.in/samay-raina

JOIN MY CLUB: https://www.chess.com/club/sam",1598053,66075,3907
cp5rRq9mzVM,"CRAB GAME ft. Jaiyaxh, Sharkshee, Pandey and friends",2024-04-03T14:46:51Z,"Join my Subreddit: https://www.reddit.com/r/SamayRaina/

MERCH: https://www.redwolf.in/samay-raina

BECOME DIAMOND MEMBER HERE: https://go.chess.com/samay

JOIN MY CLUB: https://www.chess.com/club/sam",259467,10374,393
1YE6FP1FOdQ,Crab Game with Chat and Sagar ka Chasma,2024-03-29T12:43:42Z,"Join my Subreddit: https://www.reddit.com/r/SamayRaina/

MERCH: https://www.redwolf.in/samay-raina

BECOME DIAMOND MEMBER HERE: https://go.chess.com/samay

JOIN MY CLUB: https://www.chess.com/club/sam",264737,10827,269
s0SLAz6z1rQ,Just woke up 5 mins ago,2024-03-29T10:40:23Z,"Join my Subreddit: https://www.reddit.com/r/SamayRaina/

MERCH: https://www.redwolf.in/samay-raina

JOIN MY CLUB: https://www.chess.com/club/samay-raina-official

Join this channel to get access to pe",237023,12019,325
3j_Qo7S6hmI,JUST WOKE UP TO GRIND ONE LAST TIME,2024-03-27T11:51:24Z,"JOIN MY CLUB: https://www.chess.com/club/samay-raina-official

Join this channel to get access to perks:
https://www.youtube.com/channel/UCAov2BBv1ZJav0c_yHEciAw/join

Ambani OP Patreon link: https://",180524,11356,343
4RXMgxREqHA,LAFDA VLOG ft. Hairloss,2023-03-31T16:50:18Z,"Take Traya's free hair test:
https://trayahealth.com/SamayRaina
Use my code SAMAY20 to get 20% off on your purchase.
*Offer ends in 5 days

Watch my game against WIM Amruta here: https://www.youtube.c",1676430,78849,1467
yXy1PxHUCfI,FINALLY GOT MY COLLEGE DEGREE | SAMAY RAINA VLOG,2023-01-19T16:00:10Z,"I finally got my Printing Engineering degree after 5 years when i went to college in the brand new Thar RWD

Mahindra Thar RWD - https://auto.mahindra.com/suv/thar

#TharRWD
--------------------------",7713164,234885,1869
ha2Zs-qGrTc,Mithibai and NMIMS ❤️,2023-01-15T15:45:02Z,,1387926,58271,241
B5GQrV0u_cE,Sankranti ft. Suhani,2023-01-14T10:39:21Z,,13055531,650456,1611
pWoPbC-5jbk,90's pokemon fans assemble,2023-01-09T12:45:35Z,,4928185,363345,0
0GVzO94ztIk,I took my parents to Dubai ❤️,2022-12-21T05:30:00Z,It was my mom's first international trip! There is no greater joy than spending time with family! ❤️,2096783,161939,1242
1Qfd1WpJOy0,Watch till end 😂,2022-12-11T11:40:54Z,,1477362,71881,414
k1oskRfE1fI,"COMEDIANS OVER THE BOARD at Dreamhack, Hyderabad",2022-11-04T18:53:52Z,"Join my Subreddit: https://www.reddit.com/r/SamayRaina/

MERCH: https://www.redwolf.in/samay-raina

BECOME DIAMOND MEMBER HERE: https://go.chess.com/samay

JOIN MY CLUB: https://www.chess.com/club/sam",626701,37348,373
ccmDNGN01kI,SAMAY RAINA BIRTHDAY SIMUL 2022,2022-10-26T14:45:53Z,It's my birthday and what better way to celebrate than a birthday simul yet again! I've actually come to Hyderabad to spend time with my parents but all of the people in today's panel are also going t,291109,21507,384
KKnhgkmV7k8,Printing Engineering | Standup Comedy by Samay Raina,2022-09-11T09:30:08Z,"Kashmiri Quota lekar Printing Engineering kari thi. Not sure which tragedy was worse. 




Shot and recorded by The Habitat Team at a live standup comedy event at The Habitat, Mumbai.
To know more abo",11825592,510994,5524
0bNcMjd7kYk,Kaun Banega Crorepati?!,2022-09-05T04:39:49Z,This is a joke from my bit titled: Narak | Standup comedy by Samay Raina,5482101,387534,1382
dtWrAU3qJjM,DO NOT LAUGH CHALLENGE FT. CHESS OLYMPIAD,2022-08-20T22:23:20Z,"Join my Subreddit: https://www.reddit.com/r/SamayRaina/

MERCH: https://www.redwolf.in/samay-raina

BECOME DIAMOND MEMBER HERE: https://go.chess.com/samay

JOIN MY CLUB: https://www.chess.com/club/sam",824017,43141,1190
2C3fAR2ugzo,Rakshabandhan Stream ft. Behenz,2022-08-12T18:37:25Z,"Join my Subreddit: https://www.reddit.com/r/SamayRaina/

MERCH: https://www.redwolf.in/samay-raina

BECOME DIAMOND MEMBER HERE: https://go.chess.com/samay

JOIN MY CLUB: https://www.chess.com/club/sam",439707,28884,353
ZyNbH_aExsk,All the best Team India 🇮🇳 #chessolympiad,2022-07-30T04:30:07Z,,1969622,128247,645
D8vCr7l0eE8,KR$NA jokes compilation,2022-05-05T06:03:20Z,,9750652,657541,1299
8nO1WEJGX_U,GARAM SUTTEY [NAMASTUTE PARODY],2022-05-04T13:30:11Z,"Smoking is injurious to health and causes cancer, this video is just for entertainment. Enjoy the parody responsibly. 
 
Namastute Link: https://www.youtube.com/watch?v=YuWUJg3Kdks
 
Seedhe Maut is on",1229387,101320,3432
U7oU07n7Qy0,"MEETING RAPPERS IN REAL LIFE ft. RAFTAAR, KR$NA",2022-04-30T14:30:11Z,"Join my Subreddit: https://www.reddit.com/r/SamayRaina/

MERCH: https://www.redwolf.in/samay-raina

BECOME DIAMOND MEMBER HERE: https://go.chess.com/samay

JOIN MY CLUB: https://www.chess.com/club/sam",2571361,151576,2140
AiW3ubMPU9I,VULGAR MEME REVIEW | BEST OF SUB-REDDIT,2022-04-17T05:30:02Z,"Join my Subreddit: https://www.reddit.com/r/SamayRaina/

MERCH: https://www.redwolf.in/samay-raina

BECOME DIAMOND MEMBER HERE: https://go.chess.com/samay

JOIN MY CLUB: https://www.chess.com/club/sam",4076452,178416,1328
fRBfnedebkA,I PLAYED CHESS WITH 20 PEOPLE SIMULTANEOUSLY | VLOG 18,2022-04-14T15:00:11Z,"Join my Subreddit: https://www.reddit.com/r/SamayRaina/

MERCH: https://www.redwolf.in/samay-raina

BECOME DIAMOND MEMBER HERE: https://go.chess.com/samay

JOIN MY CLUB: https://www.chess.com/club/sam",962140,48693,647
