video_id,title,published_at,description,views,likes,comments,hour,day_of_week,month,engagement_rate,like_ratio
LhpZJwUboeI,Samay Raina - STILL ALIVE (Full Special),2026-04-07 13:45:06+00:00,"Samay Raina is back after a year. Watch Samay Raina's debut standup comedy special - Still Alive

For Business: Contact@samayraina.co

Credits:
Written & Performed by Samay Raina
Directed & Edited by ",54390951,3842360,203178,13,Tuesday,April,0.0744,0.0706
UwbGN0rsBNA,Let’s talk now…,2026-04-05 12:37:57+00:00,,2368656,0,1731,12,Sunday,April,0.0007,0.0
sZAzbGXunk4,😭😭😭🤣,2025-12-07 13:16:40+00:00,,3823950,0,3065,13,Sunday,December,0.0008,0.0
-4iu73TbEOM,I love you Delhi ❤️‍🔥,2025-11-13 15:40:43+00:00,,1412351,0,1302,15,Thursday,November,0.0009,0.0
kMfZfOhnRbI,Now who did this 😂😂😂,2025-11-10 10:14:39+00:00,,2523813,0,1504,10,Monday,November,0.0006,0.0
zlJ5jSDVV7A,I’ll play the blues for you,2025-08-02 12:42:02+00:00,#albertking #blues,1339159,0,1788,12,Saturday,August,0.0013,0.0
Ak5mIpveUbs,Aamir Khan beat me (in chess),2025-07-01 13:11:38+00:00,,5584872,0,924,13,Tuesday,July,0.0002,0.0
EQD_SKrPN0E,London | 3 Shows | Grateful ❤️‍🔥,2025-06-29 01:47:11+00:00,,817164,0,459,1,Sunday,June,0.0006,0.0
2wEzKd1u0Cw,Samay Raina | Paris ❤️‍🔥,2025-06-21 03:00:05+00:00,,692363,0,413,3,Saturday,June,0.0006,0.0
ntiIv84pMmg,"Berlin, Germany ❤️‍🔥",2025-06-07 21:06:34+00:00,,839194,0,1132,21,Saturday,June,0.0013,0.0
c_LUsDXA2CU,Samay Raina | World Tour Announcement,2025-05-13 06:55:53+00:00,"Ticket link: https://linktr.ee/samayrainaa

Europe and UK

05th June - Koln
06th June - Frankfurt
07th June - Berlin
08th June - Barcelona
11th June - Hamburg
13th June - Dublin 
14th June - Zurich
15",4734204,495558,31912,6,Tuesday,May,0.1114,0.1047
NMSz5lACGZc,Core memory ❤️😭🤣,2025-02-01 09:22:47+00:00,,23492135,0,3532,9,Saturday,February,0.0002,0.0
OeeNTAA3Wug,Save chicken,2024-12-03 14:44:45+00:00,,5653780,0,2168,14,Tuesday,December,0.0004,0.0
YggJwXAeRfo,Zomato Roast,2024-07-09 08:38:32+00:00,@zomato has always been the coolest brand I've worked with. Thank you for inviting me to roast you in person (chat support mai kar kar k thak gaya tha),10989902,677897,1734,8,Tuesday,July,0.0618,0.0617
TykmZm0TV8Q,Trash Talk with Samay ft. Anurag Kashyap and Gulshan Devaiah,2024-06-28 13:41:38+00:00,"Watch #HotstarSpecials #BadCop Now Streaming on Disney+ Hotstar

New Episode Out Every Thursday!

@hotstarOfficial  

#collab 

Join my Subreddit: https://www.reddit.com/r/SamayRaina/

MERCH: https://",3731626,90831,6467,13,Friday,June,0.0261,0.0243
_ZMRDfkOX4k,3 GAMES AWAY FROM 1800 LETS GOOOOOOOO,2024-06-27 12:38:15+00:00,"Upgrade to Diamond here: https://go.chess.com/samay

Join my Subreddit: https://www.reddit.com/r/SamayRaina/

MERCH: https://www.redwolf.in/samay-raina

JOIN MY CLUB: https://www.chess.com/club/samay-",423585,15298,327,12,Thursday,June,0.0369,0.0361
1CZU7OzxS68,Vibing to my favourite Kr$na song,2024-05-16 19:31:29+00:00,"Upgrade to Diamond here: https://go.chess.com/samay

Join my Subreddit: https://www.reddit.com/r/SamayRaina/

MERCH: https://www.redwolf.in/samay-raina

JOIN MY CLUB: https://www.chess.com/club/samay-",321852,13586,909,19,Thursday,May,0.045,0.0422
GN4lILQuQsU,"Yuzi, Sagar and Vidit bhais on board ❤️",2024-04-29 19:20:07+00:00,"Upgrade to Diamond here: https://go.chess.com/samay

Join my Subreddit: https://www.reddit.com/r/SamayRaina/

MERCH: https://www.redwolf.in/samay-raina

JOIN MY CLUB: https://www.chess.com/club/samay-",736888,29012,578,19,Monday,April,0.0402,0.0394
-psr9E7hbjA,Amazon call center ft. Printer,2024-04-26 12:06:04+00:00,"Upgrade to Diamond here: https://go.chess.com/samay

Join my Subreddit: https://www.reddit.com/r/SamayRaina/

MERCH: https://www.redwolf.in/samay-raina

JOIN MY CLUB: https://www.chess.com/club/samay-",716651,36413,2314,12,Friday,April,0.054,0.0508
hvQRL78pzNs,Playing chess like GUKESH,2024-04-21 17:17:52+00:00,"Upgrade to Diamond here: https://go.chess.com/samay

Join my Subreddit: https://www.reddit.com/r/SamayRaina/

MERCH: https://www.redwolf.in/samay-raina

JOIN MY CLUB: https://www.chess.com/club/samay-",316120,11910,338,17,Sunday,April,0.0387,0.0377
E8T3nsCBH7U,Mythpat vs BeastBoyShub Chess Match,2024-04-21 15:37:31+00:00,"Upgrade to Diamond here: https://go.chess.com/samay

Join my Subreddit: https://www.reddit.com/r/SamayRaina/

MERCH: https://www.redwolf.in/samay-raina

JOIN MY CLUB: https://www.chess.com/club/samay-",1471584,67425,1776,15,Sunday,April,0.047,0.0458
9zFB4dvKMLA,Will play my best chess tonight then lets raid some new streamers,2024-04-20 16:56:43+00:00,"Upgrade to Diamond here: https://go.chess.com/samay

Intro Song: https://www.youtube.com/watch?v=KECSM3tyi2s&ab_channel=KIDSHOT

Join my Subreddit: https://www.reddit.com/r/SamayRaina/

MERCH: https:/",228607,8706,278,16,Saturday,April,0.0393,0.0381
gyMEqjsVe_w,Poonam Pandey vs Yashraj Mukhate Chess match,2024-04-20 14:46:21+00:00,"Upgrade to Diamond here: https://go.chess.com/samay

Join my Subreddit: https://www.reddit.com/r/SamayRaina/

MERCH: https://www.redwolf.in/samay-raina

JOIN MY CLUB: https://www.chess.com/club/samay-",939906,33454,1680,14,Saturday,April,0.0374,0.0356
a9JsnWfWfag,JALPARI CHESS ft. @vivekmagic,2024-04-16 12:31:28+00:00,"BECOME DIAMOND MEMBER HERE: https://go.chess.com/samay

Join my Subreddit: https://www.reddit.com/r/SamayRaina/

MERCH: https://www.redwolf.in/samay-raina

JOIN MY CLUB: https://www.chess.com/club/sam",283847,15530,456,12,Tuesday,April,0.0563,0.0547
nV0s53Ox8x0,Crushing Biswa in the presence of Sagar Shah,2024-04-14 14:31:58+00:00,"Join my Subreddit: https://www.reddit.com/r/SamayRaina/

MERCH: https://www.redwolf.in/samay-raina

BECOME DIAMOND MEMBER HERE: https://go.chess.com/samay

JOIN MY CLUB: https://www.chess.com/club/sam",245537,12050,393,14,Sunday,April,0.0507,0.0491
yjg5RdFiQ2w,Chilling with chat let's make mods,2024-04-10 16:57:12+00:00,"BECOME DIAMOND MEMBER HERE: https://go.chess.com/samay

Join my Subreddit: https://www.reddit.com/r/SamayRaina/

MERCH: https://www.redwolf.in/samay-raina

JOIN MY CLUB: https://www.chess.com/club/sam",253674,11149,363,16,Wednesday,April,0.0454,0.044
Fj3M9hRGfpo,Gamerfleet vs Total Gaming Chess Match,2024-04-09 15:32:08+00:00,"BECOME DIAMOND MEMBER HERE: https://go.chess.com/samay

Join my Subreddit: https://www.reddit.com/r/SamayRaina/

MERCH: https://www.redwolf.in/samay-raina

JOIN MY CLUB: https://www.chess.com/club/sam",1598053,66075,3907,15,Tuesday,April,0.0438,0.0413
cp5rRq9mzVM,"CRAB GAME ft. Jaiyaxh, Sharkshee, Pandey and friends",2024-04-03 14:46:51+00:00,"Join my Subreddit: https://www.reddit.com/r/SamayRaina/

MERCH: https://www.redwolf.in/samay-raina

BECOME DIAMOND MEMBER HERE: https://go.chess.com/samay

JOIN MY CLUB: https://www.chess.com/club/sam",259467,10374,393,14,Wednesday,April,0.0415,0.04
1YE6FP1FOdQ,Crab Game with Chat and Sagar ka Chasma,2024-03-29 12:43:42+00:00,"Join my Subreddit: https://www.reddit.com/r/SamayRaina/

MERCH: https://www.redwolf.in/samay-raina

BECOME DIAMOND MEMBER HERE: https://go.chess.com/samay

JOIN MY CLUB: https://www.chess.com/club/sam",264737,10827,269,12,Friday,March,0.0419,0.0409
s0SLAz6z1rQ,Just woke up 5 mins ago,2024-03-29 10:40:23+00:00,"Join my Subreddit: https://www.reddit.com/r/SamayRaina/

MERCH: https://www.redwolf.in/samay-raina

JOIN MY CLUB: https://www.chess.com/club/samay-raina-official

Join this channel to get access to pe",237023,12019,325,10,Friday,March,0.0521,0.0507
3j_Qo7S6hmI,JUST WOKE UP TO GRIND ONE LAST TIME,2024-03-27 11:51:24+00:00,"JOIN MY CLUB: https://www.chess.com/club/samay-raina-official

Join this channel to get access to perks:
https://www.youtube.com/channel/UCAov2BBv1ZJav0c_yHEciAw/join

Ambani OP Patreon link: https://",180524,11356,343,11,Wednesday,March,0.0648,0.0629
4RXMgxREqHA,LAFDA VLOG ft. Hairloss,2023-03-31 16:50:18+00:00,"Take Traya's free hair test:
https://trayahealth.com/SamayRaina
Use my code SAMAY20 to get 20% off on your purchase.
*Offer ends in 5 days

Watch my game against WIM Amruta here: https://www.youtube.c",1676430,78849,1467,16,Friday,March,0.0479,0.047
yXy1PxHUCfI,FINALLY GOT MY COLLEGE DEGREE | SAMAY RAINA VLOG,2023-01-19 16:00:10+00:00,"I finally got my Printing Engineering degree after 5 years when i went to college in the brand new Thar RWD

Mahindra Thar RWD - https://auto.mahindra.com/suv/thar

#TharRWD
--------------------------",7713164,234885,1869,16,Thursday,January,0.0307,0.0305
ha2Zs-qGrTc,Mithibai and NMIMS ❤️,2023-01-15 15:45:02+00:00,,1387926,58271,241,15,Sunday,January,0.0422,0.042
B5GQrV0u_cE,Sankranti ft. Suhani,2023-01-14 10:39:21+00:00,,13055531,650456,1611,10,Saturday,January,0.0499,0.0498
pWoPbC-5jbk,90's pokemon fans assemble,2023-01-09 12:45:35+00:00,,4928185,363345,0,12,Monday,January,0.0737,0.0737
0GVzO94ztIk,I took my parents to Dubai ❤️,2022-12-21 05:30:00+00:00,It was my mom's first international trip! There is no greater joy than spending time with family! ❤️,2096783,161939,1242,5,Wednesday,December,0.0778,0.0772
1Qfd1WpJOy0,Watch till end 😂,2022-12-11 11:40:54+00:00,,1477362,71881,414,11,Sunday,December,0.0489,0.0487
k1oskRfE1fI,"COMEDIANS OVER THE BOARD at Dreamhack, Hyderabad",2022-11-04 18:53:52+00:00,"Join my Subreddit: https://www.reddit.com/r/SamayRaina/

MERCH: https://www.redwolf.in/samay-raina

BECOME DIAMOND MEMBER HERE: https://go.chess.com/samay

JOIN MY CLUB: https://www.chess.com/club/sam",626701,37348,373,18,Friday,November,0.0602,0.0596
ccmDNGN01kI,SAMAY RAINA BIRTHDAY SIMUL 2022,2022-10-26 14:45:53+00:00,It's my birthday and what better way to celebrate than a birthday simul yet again! I've actually come to Hyderabad to spend time with my parents but all of the people in today's panel are also going t,291109,21507,384,14,Wednesday,October,0.0752,0.0739
KKnhgkmV7k8,Printing Engineering | Standup Comedy by Samay Raina,2022-09-11 09:30:08+00:00,"Kashmiri Quota lekar Printing Engineering kari thi. Not sure which tragedy was worse. 




Shot and recorded by The Habitat Team at a live standup comedy event at The Habitat, Mumbai.
To know more abo",11825592,510994,5524,9,Sunday,September,0.0437,0.0432
0bNcMjd7kYk,Kaun Banega Crorepati?!,2022-09-05 04:39:49+00:00,This is a joke from my bit titled: Narak | Standup comedy by Samay Raina,5482101,387534,1382,4,Monday,September,0.0709,0.0707
dtWrAU3qJjM,DO NOT LAUGH CHALLENGE FT. CHESS OLYMPIAD,2022-08-20 22:23:20+00:00,"Join my Subreddit: https://www.reddit.com/r/SamayRaina/

MERCH: https://www.redwolf.in/samay-raina

BECOME DIAMOND MEMBER HERE: https://go.chess.com/samay

JOIN MY CLUB: https://www.chess.com/club/sam",824017,43141,1190,22,Saturday,August,0.0538,0.0524
2C3fAR2ugzo,Rakshabandhan Stream ft. Behenz,2022-08-12 18:37:25+00:00,"Join my Subreddit: https://www.reddit.com/r/SamayRaina/

MERCH: https://www.redwolf.in/samay-raina

BECOME DIAMOND MEMBER HERE: https://go.chess.com/samay

JOIN MY CLUB: https://www.chess.com/club/sam",439707,28884,353,18,Friday,August,0.0665,0.0657
ZyNbH_aExsk,All the best Team India 🇮🇳 #chessolympiad,2022-07-30 04:30:07+00:00,,1969622,128247,645,4,Saturday,July,0.0654,0.0651
D8vCr7l0eE8,KR$NA jokes compilation,2022-05-05 06:03:20+00:00,,9750652,657541,1299,6,Thursday,May,0.0676,0.0674
8nO1WEJGX_U,GARAM SUTTEY [NAMASTUTE PARODY],2022-05-04 13:30:11+00:00,"Smoking is injurious to health and causes cancer, this video is just for entertainment. Enjoy the parody responsibly. 
 
Namastute Link: https://www.youtube.com/watch?v=YuWUJg3Kdks
 
Seedhe Maut is on",1229387,101320,3432,13,Wednesday,May,0.0852,0.0824
U7oU07n7Qy0,"MEETING RAPPERS IN REAL LIFE ft. RAFTAAR, KR$NA",2022-04-30 14:30:11+00:00,"Join my Subreddit: https://www.reddit.com/r/SamayRaina/

MERCH: https://www.redwolf.in/samay-raina

BECOME DIAMOND MEMBER HERE: https://go.chess.com/samay

JOIN MY CLUB: https://www.chess.com/club/sam",2571361,151576,2140,14,Saturday,April,0.0598,0.0589
AiW3ubMPU9I,VULGAR MEME REVIEW | BEST OF SUB-REDDIT,2022-04-17 05:30:02+00:00,"Join my Subreddit: https://www.reddit.com/r/SamayRaina/

MERCH: https://www.redwolf.in/samay-raina

BECOME DIAMOND MEMBER HERE: https://go.chess.com/samay

JOIN MY CLUB: https://www.chess.com/club/sam",4076452,178416,1328,5,Sunday,April,0.0441,0.0438
fRBfnedebkA,I PLAYED CHESS WITH 20 PEOPLE SIMULTANEOUSLY | VLOG 18,2022-04-14 15:00:11+00:00,"Join my Subreddit: https://www.reddit.com/r/SamayRaina/

MERCH: https://www.redwolf.in/samay-raina

BECOME DIAMOND MEMBER HERE: https://go.chess.com/samay

JOIN MY CLUB: https://www.chess.com/club/sam",962140,48693,647,15,Thursday,April,0.0513,0.0506
